Variable,Importance
mean_srad_w_m_2,0.3644703800048137
om_pct,0.1286551614425597
latitude,0.09290033835422461
longitude,0.08929415380532507
soilk_ppm,0.07339907572573971
mean_dayl_s,0.07002056709256278
soilpH,0.06319069332876863
sum_prcp_mm_day,0.04484804677534502
mean_tmax_deg_c,0.03633370186685018
soilp_ppm,0.019467840470430334
mean_vp_pa,0.016852578640512452
mean_tmin_deg_c,5.674624928678113e-4
